{"_step":9,"_wandb":{"runtime":41},"fold":10,"rmse":7.130780865702193,"r2":0.5103145147381496,"_timestamp":1.7409539805041103e+09,"_runtime":41.220459281}