{"rmse":7.518515937028301,"r2":0.4952729782722092,"_timestamp":1.740953896833746e+09,"_runtime":48.691614449,"_wandb":{"runtime":49},"_step":9,"fold":10}